Source Url,Target Url,Redirect Code,Redirect Ok,Redirect Chain
https://safety.honeywell.com/en-us/products/by-category/electrical-safety/arc-flash-ppe/replacement-lens-10000v,https://safety.honeywell.com/en-us/products/by-category,301,no,301::https://safety.honeywell.com/en-us/products/by-category/electrical-safety/arc-flash-ppe
https://safety.honeywell.com/en-us/products/by-category/electrical-safety/arc-flash-ppe/transparent-chin-guard,https://safety.honeywell.com/en-us/products/by-category,200,no,No redirects found
https://safety.honeywell.com/en-us/products/by-category/electrical-safety/arc-flash-ppe/protection-hood-afhood20,https://safety.honeywell.com/en-us/products/by-category,301,no,301::https://safety.honeywell.com/en-us/products/by-category/electrical-safety/arc-flash-ppe
https://safety.honeywell.com/en-us/products/by-category/electrical-safety/arc-flash-ppe/safety-glasses,https://safety.honeywell.com/en-us/products/by-category,200,no,No redirects found
https://safety.honeywell.com/en-us/products/by-category/electrical-safety/arc-flash-ppe/electricians-tool-kit,https://safety.honeywell.com/en-us/products/by-category,200,no,No redirects found
https://safety.honeywell.com/en-us/products/by-category/electrical-safety/arc-flash-ppe/arc-flash-lift-front-hood-40-cal,https://safety.honeywell.com/en-us/products/by-category,301,no,301::https://safety.honeywell.com/en-us/products/by-category/electrical-safety/arc-flash-ppe
https://safety.honeywell.com/en-us/products/by-category/electrical-safety/arc-flash-ppe/as1200-universal-fit-protective-faceshield-full-or-front-brim-hrc-2,https://safety.honeywell.com/en-us/products/by-category,301,no,301::https://safety.honeywell.com/en-us/products/by-category/electrical-safety/arc-flash-ppe
https://safety.honeywell.com/en-us/products/by-category/electrical-safety/arc-flash-ppe/protection-hood-afhood28eo,https://safety.honeywell.com/en-us/products/by-category,301,no,301::https://safety.honeywell.com/en-us/products/by-category/electrical-safety/arc-flash-ppe
https://safety.honeywell.com/en-us/products/by-category/electrical-safety/arc-flash-ppe/pro-wear-arc-flash-protection-coats-8-cal-cm2-and-12-cal-cm2,https://safety.honeywell.com/en-us/products/by-category,301,no,301::https://safety.honeywell.com/en-us/products/by-category/electrical-safety/arc-flash-ppe
https://safety.honeywell.com/en-us/products/by-category/electrical-safety/arc-flash-ppe/arc-flash-protection-overpants,https://safety.honeywell.com/en-us/products/by-category,200,no,No redirects found
https://safety.honeywell.com/en-us/products/by-category/electrical-safety/arc-flash-ppe/telecommunication-tool-power-connecting-kit,https://safety.honeywell.com/en-us/products/by-category,200,no,No redirects found
https://safety.honeywell.com/en-us/products/by-category/electrical-safety/grounding-equipment,https://safety.honeywell.com/en-us/products/by-category,200,no,No redirects found
https://safety.honeywell.com/en-us/products/by-category/electrical-safety/arc-flash-ppe/pro-wear-personal-protection-equipment-kits-8-12-20-cal-cm2,https://safety.honeywell.com/en-us/products/by-category,200,no,No redirects found
https://safety.honeywell.com/en-us/products/by-category/electrical-safety/grounding-equipment/2-13-aluminum-c-clamp-posigrip,https://safety.honeywell.com/en-us/products/by-category,200,no,No redirects found
https://safety.honeywell.com/en-us/products/by-category/electrical-safety/arc-flash-ppe/arc-flash-protection-bib-overalls-acb4030plt,https://safety.honeywell.com/en-us/products/by-category,301,no,301::https://safety.honeywell.com/en-us/products/by-category/electrical-safety/arc-flash-ppe
https://safety.honeywell.com/en-us/products/by-category/electrical-safety/grounding-equipment/industrial-ground-4-way-ground-sets,https://safety.honeywell.com/en-us/products/by-category,200,no,No redirects found
https://safety.honeywell.com/en-us/products/by-category/electrical-safety/arc-flash-ppe/arc-flash-lift-front-hood-40-cal-with-prismshield,https://safety.honeywell.com/en-us/products/by-category,301,no,301::https://safety.honeywell.com/en-us/products/by-category/electrical-safety/arc-flash-ppe
https://safety.honeywell.com/en-us/products/by-category/electrical-safety/grounding-equipment/1-5-aluminum-c-clamp-t,https://safety.honeywell.com/en-us/products/by-category,200,no,No redirects found
https://safety.honeywell.com/en-us/products/by-category/electrical-safety/arc-flash-ppe/pro-wear-arc-flash-protection-coats,https://safety.honeywell.com/en-us/products/by-category,200,no,No redirects found
https://safety.honeywell.com/en-us/products/by-category/electrical-safety/grounding-equipment/protective-bags,https://safety.honeywell.com/en-us/products/by-category,200,no,No redirects found
https://safety.honeywell.com/en-us/products/by-category,https://safety.honeywell.com/en-us/products/by-category,200,no,No redirects found
https://safety.honeywell.com/en-us/products/by-category/electrical-safety/arc-flash-ppe/prismshield-arc-flash-head-and-face-protection,https://safety.honeywell.com/en-us/products/by-category,200,no,No redirects found
https://safety.honeywell.com/en-us/products/by-category/electrical-safety/grounding-equipment/underground-spanner-wrench,https://safety.honeywell.com/en-us/products/by-category,200,no,No redirects found
https://safety.honeywell.com/en-us/products/by-category/electrical-safety,https://safety.honeywell.com/en-us/products/by-category,200,no,No redirects found
https://safety.honeywell.com/en-us/products/by-category/electrical-safety/arc-flash-ppe/pro-wear-arc-flash-protection-premium-coveralls,https://safety.honeywell.com/en-us/products/by-category,200,no,No redirects found
https://safety.honeywell.com/en-us/products/by-category/electrical-safety/grounding-equipment/1-aluminum-c-clamp-curved-lower-jaw,https://safety.honeywell.com/en-us/products/by-category,301,no,301::https://safety.honeywell.com/en-us/products/by-category/electrical-safety/grounding-equipment
https://safety.honeywell.com/en-us/products/by-category/electrical-safety/grounding-equipment/2-smooth-jaw-aluminum,https://safety.honeywell.com/en-us/products/by-category,200,no,No redirects found
https://safety.honeywell.com/en-us/products/by-category/electrical-safety/arc-flash-ppe/deluxe-maintenance-tool-kit,https://safety.honeywell.com/en-us/products/by-category,200,no,No redirects found
https://safety.honeywell.com/en-us/products/by-category/electrical-safety/arc-flash-ppe,https://safety.honeywell.com/en-us/products/by-category,200,no,No redirects found
https://safety.honeywell.com/en-us/products/by-category/electrical-safety/arc-flash-ppe/large-storage-bag-skbag,https://safety.honeywell.com/en-us/products/by-category,301,no,301::https://safety.honeywell.com/en-us/products/by-category/electrical-safety/arc-flash-ppe
https://safety.honeywell.com/en-us/products/by-category/electrical-safety/arc-flash-ppe/replacement-lens-as1200fs,https://safety.honeywell.com/en-us/products/by-category,301,no,301::https://safety.honeywell.com/en-us/products/by-category/electrical-safety/arc-flash-ppe
https://safety.honeywell.com/en-us/products/by-category/electrical-safety/grounding-equipment/1-4-flat-face-clamps,https://safety.honeywell.com/en-us/products/by-category,200,no,No redirects found
https://safety.honeywell.com/en-us/products/by-category/electrical-safety/arc-flash-ppe/replacement-clips-set-2-for-as1200hat-shield,https://safety.honeywell.com/en-us/products/by-category,200,no,No redirects found
https://safety.honeywell.com/en-us/products/by-category/electrical-safety/arc-flash-ppe/replacement-lens-4000v,https://safety.honeywell.com/en-us/products/by-category,301,no,301::https://safety.honeywell.com/en-us/products/by-category/electrical-safety/arc-flash-ppe
https://safety.honeywell.com/en-us/products/by-category/electrical-safety/grounding-equipment/grounding-sets-for-special-applications,https://safety.honeywell.com/en-us/products/by-category,200,no,No redirects found
https://safety.honeywell.com/en-us/products/by-category/electrical-safety/arc-flash-ppe/face-shield-as1200ppc,https://safety.honeywell.com/en-us/products/by-category,301,no,301::https://safety.honeywell.com/en-us/products/by-category/electrical-safety/arc-flash-ppe
https://safety.honeywell.com/en-us/products/by-category/electrical-safety/arc-flash-ppe/inside-maintenance-box,https://safety.honeywell.com/en-us/products/by-category,200,no,No redirects found
https://safety.honeywell.com/en-us/products/by-category/electrical-safety/grounding-equipment/tubular-brushes,https://safety.honeywell.com/en-us/products/by-category,200,no,No redirects found
https://safety.honeywell.com/en-us/products/by-category/electrical-safety/arc-flash-ppe/pro-wear-personal-protection-equipment-kits-100-cal-cm2,https://safety.honeywell.com/en-us/products/by-category,200,no,No redirects found
https://safety.honeywell.com/en-us/products/by-category/electrical-safety/arc-flash-ppe/pro-wear-personal-protection-equipment-kits-55-75-cal-cm2,https://safety.honeywell.com/en-us/products/by-category,200,no,No redirects found
https://safety.honeywell.com/en-us/products/by-category/electrical-safety/grounding-equipment/dual-purpose-clamps,https://safety.honeywell.com/en-us/products/by-category,200,no,No redirects found
https://safety.honeywell.com/en-us/products/by-category/electrical-safety/arc-flash-ppe/basic-electrician-roll,https://safety.honeywell.com/en-us/products/by-category,200,no,No redirects found
https://safety.honeywell.com/en-us/products/by-category/electrical-safety/arc-flash-ppe/replacement-lens-as1000fs,https://safety.honeywell.com/en-us/products/by-category,301,no,301::https://safety.honeywell.com/en-us/products/by-category/electrical-safety/arc-flash-ppe
https://safety.honeywell.com/en-us/products/by-category/electrical-safety/grounding-equipment/2-aluminum-c-type-smooth-jaw,https://safety.honeywell.com/en-us/products/by-category,200,no,No redirects found
https://safety.honeywell.com/en-us/products/by-category/electrical-safety/arc-flash-ppe/flame-resistant-attachable-task-light-asfl,https://safety.honeywell.com/en-us/products/by-category,301,no,301::https://safety.honeywell.com/en-us/products/by-category/electrical-safety/arc-flash-ppe
https://safety.honeywell.com/en-us/products/by-category/electrical-safety/arc-flash-ppe/face-shield-as1000-and-as1000-ce,https://safety.honeywell.com/en-us/products/by-category,301,no,301::https://safety.honeywell.com/en-us/products/by-category/electrical-safety/arc-flash-ppe
https://safety.honeywell.com/en-us/products/by-category/electrical-safety/grounding-equipment/cable-penetrating-ground-clamp,https://safety.honeywell.com/en-us/products/by-category,200,no,No redirects found
https://safety.honeywell.com/en-us/products/by-category/electrical-safety/arc-flash-ppe/pro-wear-personal-protection-equipment-kits-31-cal-cm2,https://safety.honeywell.com/en-us/products/by-category,200,no,No redirects found
https://safety.honeywell.com/en-us/products/by-category/electrical-safety/arc-flash-ppe/fire-resistant-hairnet-hn-1,https://safety.honeywell.com/en-us/products/by-category,301,no,301::https://safety.honeywell.com/en-us/products/by-category/electrical-safety/arc-flash-ppe
https://safety.honeywell.com/en-us/products/by-category/electrical-safety/grounding-equipment/ground-adapter-device-kit,https://safety.honeywell.com/en-us/products/by-category,200,no,No redirects found
https://safety.honeywell.com/en-us/products/by-category/electrical-safety/arc-flash-ppe/as1000hat-and-as1200hat-afhood-kits,https://safety.honeywell.com/en-us/products/by-category,301,no,301::https://safety.honeywell.com/en-us/products/by-category/electrical-safety/arc-flash-ppe
https://safety.honeywell.com/en-us/products/by-category/electrical-safety/arc-flash-ppe/faceshield-as1000fb,https://safety.honeywell.com/en-us/products/by-category,301,no,301::https://safety.honeywell.com/en-us/products/by-category/electrical-safety/arc-flash-ppe
https://safety.honeywell.com/en-us/products/by-category/electrical-safety/grounding-equipment/4-5-aluminum-substation-bus-clamps,https://safety.honeywell.com/en-us/products/by-category,200,no,No redirects found
https://safety.honeywell.com/en-us/products/by-category/electrical-safety/arc-flash-ppe/arc-flash-protection-premium-coverall-kits,https://safety.honeywell.com/en-us/products/by-category,200,no,No redirects found
https://safety.honeywell.com/en-us/products/by-category/electrical-safety/arc-flash-ppe/anti-fog-inner-lens-aflens,https://safety.honeywell.com/en-us/products/by-category,301,no,301::https://safety.honeywell.com/en-us/products/by-category/electrical-safety/arc-flash-ppe
https://safety.honeywell.com/en-us/products/by-category/electrical-safety/grounding-equipment/bronze-cutout-clamps-with-contact-stud,https://safety.honeywell.com/en-us/products/by-category,200,no,No redirects found
https://safety.honeywell.com/en-us/products/by-category/electrical-safety/arc-flash-ppe/1000v-electrical-insulated-tool-kit-for-hybrid-vehicles-and-hand-tool-kits,https://safety.honeywell.com/en-us/products/by-category,200,no,No redirects found
https://safety.honeywell.com/en-us/products/by-category/electrical-safety/arc-flash-ppe/pro-hood-arc-flash-protection-hoods-fh40plt,https://safety.honeywell.com/en-us/products/by-category,301,no,301::https://safety.honeywell.com/en-us/products/by-category/electrical-safety/arc-flash-ppe
https://safety.honeywell.com/en-us/products/by-category/electrical-safety/grounding-equipment/1-13-smooth-jaw-aluminum-duck-bill,https://safety.honeywell.com/en-us/products/by-category,200,no,No redirects found
https://safety.honeywell.com/en-us/products/by-category/electrical-safety/arc-flash-ppe/outside-maintenance-box,https://safety.honeywell.com/en-us/products/by-category,200,no,No redirects found
https://safety.honeywell.com/en-us/products/by-category/electrical-safety/arc-flash-ppe/uwg-gpu,https://safety.honeywell.com/en-us/products/by-category,200,no,No redirects found
https://safety.honeywell.com/en-us/products/by-category/electrical-safety/grounding-equipment/4-way-connector-sets,https://safety.honeywell.com/en-us/products/by-category,200,no,No redirects found
https://safety.honeywell.com/en-us/products/by-category/electrical-safety/arc-flash-ppe/uwg-klg,https://safety.honeywell.com/en-us/products/by-category,200,no,No redirects found
https://safety.honeywell.com/en-us/products/by-category/electrical-safety/arc-flash-ppe/premium-light-weight-hrc-4-pro-wear,https://safety.honeywell.com/en-us/products/by-category,200,no,No redirects found
https://safety.honeywell.com/en-us/products/by-category/electrical-safety/grounding-equipment/hydraulic-pump-assemblies-and-pumps,https://safety.honeywell.com/en-us/products/by-category,200,no,No redirects found
https://safety.honeywell.com/en-us/products/by-category/electrical-safety/arc-flash-ppe/replacement-bracket-bracket,https://safety.honeywell.com/en-us/products/by-category,301,no,301::https://safety.honeywell.com/en-us/products/by-category/electrical-safety/arc-flash-ppe
https://safety.honeywell.com/en-us/products/by-category/electrical-safety/grounding-equipment/aluminum-flat-jaw-grounding-clamp-eye-screw,https://safety.honeywell.com/en-us/products/by-category,301,no,301::https://safety.honeywell.com/en-us/products/by-category/electrical-safety/grounding-equipment
https://safety.honeywell.com/en-us/products/by-category/electrical-safety/arc-flash-ppe/arc-flash-protection-bib-overalls-acb10030tw,https://safety.honeywell.com/en-us/products/by-category,301,no,301::https://safety.honeywell.com/en-us/products/by-category/electrical-safety/arc-flash-ppe
https://safety.honeywell.com/en-us/products/by-category/electrical-safety/grounding-equipment/ground-bushings-with-connections,https://safety.honeywell.com/en-us/products/by-category,200,no,No redirects found
https://safety.honeywell.com/en-us/products/by-category/electrical-safety/arc-flash-ppe/replacement-lens-2000v,https://safety.honeywell.com/en-us/products/by-category,301,no,301::https://safety.honeywell.com/en-us/products/by-category/electrical-safety/arc-flash-ppe
https://safety.honeywell.com/en-us/products/by-category/electrical-safety/grounding-equipment/pin-ferrule-shrouded-copper,https://safety.honeywell.com/en-us/products/by-category,301,no,301::https://safety.honeywell.com/en-us/products/by-category/electrical-safety/grounding-equipment
https://safety.honeywell.com/en-us/products/by-category/electrical-safety/arc-flash-ppe/face-shield-as1200-ce,https://safety.honeywell.com/en-us/products/by-category,301,no,301::https://safety.honeywell.com/en-us/products/by-category/electrical-safety/arc-flash-ppe
https://safety.honeywell.com/en-us/products/by-category/electrical-safety/grounding-equipment/2-aluminum-c-type-serrated-jaw,https://safety.honeywell.com/en-us/products/by-category,200,no,No redirects found
https://safety.honeywell.com/en-us/products/by-category/electrical-safety/arc-flash-ppe/replacement-bracket-fbbracket,https://safety.honeywell.com/en-us/products/by-category,301,no,301::https://safety.honeywell.com/en-us/products/by-category/electrical-safety/arc-flash-ppe
https://safety.honeywell.com/en-us/products/by-category/electrical-safety/grounding-equipment/1-25-aluminum-c-clamp-smooth-jaw,https://safety.honeywell.com/en-us/products/by-category,200,no,No redirects found
https://safety.honeywell.com/en-us/products/by-category/electrical-safety/arc-flash-ppe/replacement-lens-1000v,https://safety.honeywell.com/en-us/products/by-category,301,no,301::https://safety.honeywell.com/en-us/products/by-category/electrical-safety/arc-flash-ppe
https://safety.honeywell.com/en-us/products/by-category/electrical-safety/grounding-equipment/1-5-flat-face-clamps,https://safety.honeywell.com/en-us/products/by-category,200,no,No redirects found
https://safety.honeywell.com/en-us/products/by-category/electrical-safety/arc-flash-ppe/fire-resistant-beardnet-bn1,https://safety.honeywell.com/en-us/products/by-category,301,no,301::https://safety.honeywell.com/en-us/products/by-category/electrical-safety/arc-flash-ppe
https://safety.honeywell.com/en-us/products/by-category/electrical-safety/grounding-equipment/heavy-duty-bronze-c-type-flat-jaw-clamp,https://safety.honeywell.com/en-us/products/by-category,200,no,No redirects found
https://safety.honeywell.com/en-us/products/by-category/electrical-safety/arc-flash-ppe/salisbury-premium-light-weight-pro-wear-arc-flash-kit-40-cal-cm2,https://safety.honeywell.com/en-us/products/by-category,200,no,No redirects found
https://safety.honeywell.com/en-us/products/by-category/electrical-safety/grounding-equipment/single-grounding-assemblies,https://safety.honeywell.com/en-us/products/by-category,200,no,No redirects found
https://safety.honeywell.com/en-us/products/by-category/electrical-safety/arc-flash-ppe/arc-flash-protection-bib-overalls-acb830bl,https://safety.honeywell.com/en-us/products/by-category,301,no,301::https://safety.honeywell.com/en-us/products/by-category/electrical-safety/arc-flash-ppe
https://safety.honeywell.com/en-us/products/by-category/electrical-safety/grounding-equipment/ball-socket-4-way-connecter-sets,https://safety.honeywell.com/en-us/products/by-category,200,no,No redirects found
https://safety.honeywell.com/en-us/products/by-category/electrical-safety/arc-flash-ppe/air-flow-hood-system,https://safety.honeywell.com/en-us/products/by-category,200,no,No redirects found
https://safety.honeywell.com/en-us/products/by-category/electrical-safety/grounding-equipment/1-1-smooth-jaw-aluminum-v-thread,https://safety.honeywell.com/en-us/products/by-category,200,no,No redirects found
https://safety.honeywell.com/en-us/products/by-category/electrical-safety/arc-flash-ppe/20-cal-cm-lift-front-hood-with-prismshield,https://safety.honeywell.com/en-us/products/by-category,200,no,No redirects found
https://safety.honeywell.com/en-us/products/by-category/electrical-safety/arc-flash-ppe/pro-wear-arc-flash-protection-coats-acc3132rb,https://safety.honeywell.com/en-us/products/by-category,200,no,No redirects found
https://safety.honeywell.com/en-us/products/by-category/electrical-safety/arc-flash-ppe/pro-hood-arc-flash-protection-hoods-fh40gy,https://safety.honeywell.com/en-us/products/by-category,301,no,301::https://safety.honeywell.com/en-us/products/by-category/electrical-safety/arc-flash-ppe
https://safety.honeywell.com/en-us/products/by-category/electrical-safety/arc-flash-ppe/hot-box-tool-kit,https://safety.honeywell.com/en-us/products/by-category,200,no,No redirects found
https://safety.honeywell.com/en-us/products/by-category/electrical-safety/arc-flash-ppe/pro-hood-arc-flash-protection-hoods-fh31rb,https://safety.honeywell.com/en-us/products/by-category,301,no,301::https://safety.honeywell.com/en-us/products/by-category/electrical-safety/arc-flash-ppe
https://safety.honeywell.com/en-us/products/by-category/electrical-safety/arc-flash-ppe/north-zone-hard-hats,https://safety.honeywell.com/en-us/products/by-category,200,no,No redirects found
https://safety.honeywell.com/en-us/products/by-category/electrical-safety/arc-flash-ppe/arc-flash-protection-bib-overalls-acb2030bl,https://safety.honeywell.com/en-us/products/by-category,301,no,301::https://safety.honeywell.com/en-us/products/by-category/electrical-safety/arc-flash-ppe
https://safety.honeywell.com/en-us/products/by-category/electrical-safety/arc-flash-ppe/telecommunication-tool-box,https://safety.honeywell.com/en-us/products/by-category,200,no,No redirects found
https://safety.honeywell.com/en-us/products/by-category/electrical-safety/arc-flash-ppe/pro-hood-arc-flash-protection-hoods,https://safety.honeywell.com/en-us/products/by-category,200,no,No redirects found
https://safety.honeywell.com/en-us/products/by-category/electrical-safety/arc-flash-ppe/heavy-duty-tool-bag-and-storage-bag,https://safety.honeywell.com/en-us/products/by-category,200,no,No redirects found
https://safety.honeywell.com/en-us/products/by-category/electrical-safety/arc-flash-ppe/as-bag,https://safety.honeywell.com/en-us/products/by-category,200,no,No redirects found
https://safety.honeywell.com/en-us/products/by-category/electrical-safety/arc-flash-ppe/protection-hood-afhood10,https://safety.honeywell.com/en-us/products/by-category,301,no,301::https://safety.honeywell.com/en-us/products/by-category/electrical-safety/arc-flash-ppe
https://safety.honeywell.com/en-us/products/by-category/electrical-safety/arc-flash-ppe/pro-wear-personal-protection-equipment-kits-40-cal-cm2,https://safety.honeywell.com/en-us/products/by-category,200,no,No redirects found
https://safety.honeywell.com/en-us/products/by-category/electrical-safety/arc-flash-ppe/hvac-tool-kit,https://safety.honeywell.com/en-us/products/by-category,200,no,No redirects found
https://safety.honeywell.com/en-us/products/by-category/electrical-safety/arc-flash-ppe/arc-flash-protection-bib-overalls-acb3130rb,https://safety.honeywell.com/en-us/products/by-category,301,no,301::https://safety.honeywell.com/en-us/products/by-category/electrical-safety/arc-flash-ppe
https://safety.honeywell.com/en-us/products/by-category/electrical-safety/grounding-equipment/underground-dead-break-set,https://safety.honeywell.com/en-us/products/by-category,200,no,No redirects found
https://safety.honeywell.com/en-us/products/by-category/electrical-safety/grounding-equipment/ground-bag,https://safety.honeywell.com/en-us/products/by-category,200,no,No redirects found
https://safety.honeywell.com/en-us/products/by-category/electrical-safety/grounding-equipment/1-5-aluminum-c-clamps-threaded,https://safety.honeywell.com/en-us/products/by-category,200,no,No redirects found
https://safety.honeywell.com/en-us/products/by-category/electrical-safety/grounding-equipment/1-aluminum-c-clamp-flat-lower-jaw,https://safety.honeywell.com/en-us/products/by-category,301,no,301::https://safety.honeywell.com/en-us/products/by-category/electrical-safety/grounding-equipment
https://safety.honeywell.com/en-us/products/by-category/electrical-safety/grounding-equipment/screw-type-temporary-ground-rod,https://safety.honeywell.com/en-us/products/by-category,200,no,No redirects found
https://safety.honeywell.com/en-us/products/by-category/electrical-safety/grounding-equipment/4-4-aluminum-bus-bar-clamps-t-handle,https://safety.honeywell.com/en-us/products/by-category,200,no,No redirects found
https://safety.honeywell.com/en-us/products/by-category/electrical-safety/grounding-equipment/4-aluminum-power-rail-clamp,https://safety.honeywell.com/en-us/products/by-category,200,no,No redirects found
https://safety.honeywell.com/en-us/products/by-category/electrical-safety/grounding-equipment/hydraulic-cable-spike,https://safety.honeywell.com/en-us/products/by-category,200,no,No redirects found
https://safety.honeywell.com/en-us/products/by-category/electrical-safety/grounding-equipment/2-4-aluminum-c-clamp-serrated-jaw,https://safety.honeywell.com/en-us/products/by-category,200,no,No redirects found
https://safety.honeywell.com/en-us/products/by-category/electrical-safety/grounding-equipment/hydraulic-ground-blade-and-cable-spike-clamps,https://safety.honeywell.com/en-us/products/by-category,200,no,No redirects found
https://safety.honeywell.com/en-us/products/by-category/electrical-safety/grounding-equipment/hydraulic-ram-assemblies-and-rams,https://safety.honeywell.com/en-us/products/by-category,200,no,No redirects found
https://safety.honeywell.com/en-us/products/by-category/electrical-safety/grounding-equipment/traveling-ground,https://safety.honeywell.com/en-us/products/by-category,200,no,No redirects found
https://safety.honeywell.com/en-us/products/by-category/electrical-safety/grounding-equipment/quick-grip-ground-clamps-and-grounding-sets,https://safety.honeywell.com/en-us/products/by-category,200,no,No redirects found
https://safety.honeywell.com/en-us/products/by-category/electrical-safety/grounding-equipment/elbow-grounding-set,https://safety.honeywell.com/en-us/products/by-category,200,no,No redirects found
https://safety.honeywell.com/en-us/products/by-category/electrical-safety/grounding-equipment/1-1-smooth-jaw-aluminum,https://safety.honeywell.com/en-us/products/by-category,200,no,No redirects found
https://safety.honeywell.com/en-us/products/by-category/electrical-safety/grounding-equipment/1-25-bronze-c-clamp,https://safety.honeywell.com/en-us/products/by-category,200,no,No redirects found
https://safety.honeywell.com/en-us/products/by-category/electrical-safety/grounding-equipment/grade-5-aluminum-flat-jaw-grounding-clamps-t,https://safety.honeywell.com/en-us/products/by-category,200,no,No redirects found
https://safety.honeywell.com/en-us/products/by-category/electrical-safety/grounding-equipment/4-way-connector,https://safety.honeywell.com/en-us/products/by-category,200,no,No redirects found
https://safety.honeywell.com/en-us/products/by-category/electrical-safety/grounding-equipment/socket-systems-t-handle,https://safety.honeywell.com/en-us/products/by-category,200,no,No redirects found
https://safety.honeywell.com/en-us/products/by-category/electrical-safety/grounding-equipment/ground-sets,https://safety.honeywell.com/en-us/products/by-category,200,no,No redirects found
https://safety.honeywell.com/en-us/products/by-category/electrical-safety/grounding-equipment/pole-mounted-contact-bars,https://safety.honeywell.com/en-us/products/by-category,200,no,No redirects found
https://safety.honeywell.com/en-us/products/by-category/electrical-safety/grounding-equipment/neutral-jumper-assembly,https://safety.honeywell.com/en-us/products/by-category,200,no,No redirects found
https://safety.honeywell.com/en-us/products/by-category/electrical-safety/grounding-equipment/ball-and-socket-system,https://safety.honeywell.com/en-us/products/by-category,200,no,No redirects found
https://safety.honeywell.com/en-us/products/by-category/electrical-safety/grounding-equipment/1-63-aluminum-traveling-ground-clamps-pin-threaded,https://safety.honeywell.com/en-us/products/by-category,200,no,No redirects found
https://safety.honeywell.com/en-us/products/by-category/electrical-safety/grounding-equipment/plug-installing-tool,https://safety.honeywell.com/en-us/products/by-category,200,no,No redirects found
https://safety.honeywell.com/en-us/products/by-category/electrical-safety/grounding-equipment/assembled-dead-front-ground-sets,https://safety.honeywell.com/en-us/products/by-category,200,no,No redirects found
https://safety.honeywell.com/en-us/products/by-category/electrical-safety/grounding-equipment/single-grounded-bushing-set,https://safety.honeywell.com/en-us/products/by-category,200,no,No redirects found
https://safety.honeywell.com/en-us/products/by-category/electrical-safety/grounding-equipment/1-5-aluminum-c-clamp-serrated-jaw,https://safety.honeywell.com/en-us/products/by-category,200,no,No redirects found
https://safety.honeywell.com/en-us/products/by-category/electrical-safety/grounding-equipment/2-5-aluminum-c-clamp,https://safety.honeywell.com/en-us/products/by-category,200,no,No redirects found
https://safety.honeywell.com/en-us/products/by-category/electrical-safety/grounding-equipment/grounding-cables,https://safety.honeywell.com/en-us/products/by-category,200,no,No redirects found
https://safety.honeywell.com/en-us/products/by-category/electrical-safety/grounding-equipment/threaded-grounding-ferrules,https://safety.honeywell.com/en-us/products/by-category,200,no,No redirects found
https://safety.honeywell.com/en-us/products/by-category/electrical-safety/grounding-equipment/5h-rated-grounding,https://safety.honeywell.com/en-us/products/by-category,200,no,No redirects found
https://safety.honeywell.com/en-us/products/by-category/electrical-safety/grounding-equipment/spikes-blades-and-tool-heads,https://safety.honeywell.com/en-us/products/by-category,200,no,No redirects found
https://safety.honeywell.com/en-us/products/by-category/electrical-safety/grounding-equipment/urd-assembly,https://safety.honeywell.com/en-us/products/by-category,200,no,No redirects found
https://safety.honeywell.com/en-us/products/by-category/electrical-safety/grounding-equipment/2-4-bronze-c-clamp-smooth-jaw,https://safety.honeywell.com/en-us/products/by-category,200,no,No redirects found
https://safety.honeywell.com/en-us/products/by-category/electrical-safety/grounding-equipment/0-75-aluminum-c-clamp,https://safety.honeywell.com/en-us/products/by-category,200,no,No redirects found
https://safety.honeywell.com/en-us/products/by-category/electrical-safety/grounding-equipment/1-bronze-c-clamp-serrated-jaw,https://safety.honeywell.com/en-us/products/by-category,200,no,No redirects found
https://safety.honeywell.com/en-us/products/by-category/electrical-safety/grounding-equipment/threaded-ferrule-unshrouded-copper,https://safety.honeywell.com/en-us/products/by-category,301,no,301::https://safety.honeywell.com/en-us/products/by-category/electrical-safety/grounding-equipment
https://safety.honeywell.com/en-us/products/by-category/electrical-safety/grounding-equipment/v-type-wire-brushes,https://safety.honeywell.com/en-us/products/by-category,200,no,No redirects found
https://safety.honeywell.com/en-us/products/by-category/electrical-safety/grounding-equipment/plain-shrouded-ferrules,https://safety.honeywell.com/en-us/products/by-category,200,no,No redirects found
https://safety.honeywell.com/en-us/products/by-category/electrical-safety/grounding-equipment/ball-and-socket-system-ball-studs,https://safety.honeywell.com/en-us/products/by-category,301,no,301::https://safety.honeywell.com/en-us/products/by-category/electrical-safety/grounding-equipment
https://safety.honeywell.com/en-us/products/by-category/electrical-safety/grounding-equipment/6-aluminum-substation-bus-clamps,https://safety.honeywell.com/en-us/products/by-category,200,no,No redirects found
https://safety.honeywell.com/en-us/products/by-category/electrical-safety/grounding-equipment/grounding-clamp-hanger-studs,https://safety.honeywell.com/en-us/products/by-category,200,no,No redirects found
https://safety.honeywell.com/en-us/products/by-category/electrical-safety/grounding-equipment/socket-systems-bayonet,https://safety.honeywell.com/en-us/products/by-category,301,no,301::https://safety.honeywell.com/en-us/products/by-category/electrical-safety/grounding-equipment
https://safety.honeywell.com/en-us/products/by-category/electrical-safety/grounding-equipment/insulated-elbow-remover,https://safety.honeywell.com/en-us/products/by-category,200,no,No redirects found
https://safety.honeywell.com/en-us/products/by-category/electrical-safety/grounding-equipment/threaded-ferrule-shrouded-copper,https://safety.honeywell.com/en-us/products/by-category,301,no,301::https://safety.honeywell.com/en-us/products/by-category/electrical-safety/grounding-equipment
https://safety.honeywell.com/en-us/products/by-category/electrical-safety/grounding-equipment/grade-5-t-eye-c-clamp-bronze,https://safety.honeywell.com/en-us/products/by-category,200,no,No redirects found
https://safety.honeywell.com/en-us/products/by-category/electrical-safety/grounding-equipment/grade-3-bronze-flat-jaw-grounding-clamps-t,https://safety.honeywell.com/en-us/products/by-category,301,no,301::https://safety.honeywell.com/en-us/products/by-category/electrical-safety/grounding-equipment
https://safety.honeywell.com/en-us/products/by-category/electrical-safety/grounding-equipment/all-angle-clamp,https://safety.honeywell.com/en-us/products/by-category,200,no,No redirects found
https://safety.honeywell.com/en-us/products/by-category/electrical-safety/grounding-equipment/4-4-aluminum-bus-bar-clamps-bayonet,https://safety.honeywell.com/en-us/products/by-category,200,no,No redirects found
https://safety.honeywell.com/en-us/products/by-category/electrical-safety/grounding-equipment/0-5-bronze-bus-bar-alligator-clamps,https://safety.honeywell.com/en-us/products/by-category,200,no,No redirects found
https://safety.honeywell.com/en-us/products/by-category/electrical-safety/grounding-equipment/t-handle-adapter,https://safety.honeywell.com/en-us/products/by-category,200,no,No redirects found
https://safety.honeywell.com/en-us/products/by-category/electrical-safety/grounding-equipment/3-5-aluminum-c-clamp-substation-buses,https://safety.honeywell.com/en-us/products/by-category,200,no,No redirects found
https://safety.honeywell.com/en-us/products/by-category/electrical-safety/grounding-equipment/padmount-switch-hook,https://safety.honeywell.com/en-us/products/by-category,200,no,No redirects found
https://safety.honeywell.com/en-us/products/by-category/electrical-safety/grounding-equipment/clamp-with-contact-stud,https://safety.honeywell.com/en-us/products/by-category,200,no,No redirects found
https://safety.honeywell.com/en-us/products/by-category/electrical-safety/grounding-equipment/aluminum-flat-jaw-grounding-clamp-t-screw,https://safety.honeywell.com/en-us/products/by-category,301,no,301::https://safety.honeywell.com/en-us/products/by-category/electrical-safety/grounding-equipment
https://safety.honeywell.com/en-us/products/by-category/electrical-safety/grounding-equipment/bronze-cutout-clamps-with-ferrule-connection,https://safety.honeywell.com/en-us/products/by-category,200,no,No redirects found
https://safety.honeywell.com/en-us/products/by-category/electrical-safety/grounding-equipment/adapters,https://safety.honeywell.com/en-us/products/by-category,200,no,No redirects found
https://safety.honeywell.com/en-us/products/by-category/electrical-safety/grounding-equipment/truck-grounding-reels,https://safety.honeywell.com/en-us/products/by-category,200,no,No redirects found
https://safety.honeywell.com/en-us/products/by-category/electrical-safety/grounding-equipment/hand-operated-ground-spike,https://safety.honeywell.com/en-us/products/by-category,200,no,No redirects found
https://safety.honeywell.com/en-us/products/by-category/electrical-safety/grounding-equipment/socket-systems-posigrip,https://safety.honeywell.com/en-us/products/by-category,301,no,301::https://safety.honeywell.com/en-us/products/by-category/electrical-safety/grounding-equipment
https://safety.honeywell.com/en-us/products/by-category/electrical-safety/grounding-equipment/underground-grounding-studs,https://safety.honeywell.com/en-us/products/by-category,200,no,No redirects found
https://safety.honeywell.com/en-us/products/by-category/electrical-safety/grounding-equipment/stringing-ground,https://safety.honeywell.com/en-us/products/by-category,200,no,No redirects found
https://safety.honeywell.com/en-us/products/by-category/electrical-safety/grounding-equipment/1-25-aluminum-c-clamps,https://safety.honeywell.com/en-us/products/by-category,200,no,No redirects found
https://safety.honeywell.com/en-us/products/by-category/electrical-safety/grounding-equipment/grade-5-t-eye-c-clamp-aluminum,https://safety.honeywell.com/en-us/products/by-category,200,no,No redirects found
https://safety.honeywell.com/en-us/products/by-category/electrical-safety/grounding-equipment/hydraulic-hose-assemblies-and-hoses,https://safety.honeywell.com/en-us/products/by-category,200,no,No redirects found
https://safety.honeywell.com/en-us/products/by-category/electrical-safety/grounding-equipment/7-aluminum-substation-bus-clamps,https://safety.honeywell.com/en-us/products/by-category,200,no,No redirects found
https://safety.honeywell.com/en-us/products/by-category/electrical-safety/grounding-equipment/556-kcm-smooth-jaw-bronze,https://safety.honeywell.com/en-us/products/by-category,200,no,No redirects found
https://safety.honeywell.com/en-us/products/by-category/electrical-safety/grounding-equipment/6-62-adjustable-aluminum-c-clamp,https://safety.honeywell.com/en-us/products/by-category,200,no,No redirects found
https://safety.honeywell.com/en-us/products/by-category/electrical-safety/grounding-equipment/1-66-serrated-jaw-aluminum-acme-thread,https://safety.honeywell.com/en-us/products/by-category,200,no,No redirects found
https://safety.honeywell.com/en-us/products/by-category/electrical-safety/grounding-equipment/pole-band,https://safety.honeywell.com/en-us/products/by-category,200,no,No redirects found
https://safety.honeywell.com/en-us/products/by-category/electrical-safety/grounding-equipment/5-75-aluminum-running-rail-clamp,https://safety.honeywell.com/en-us/products/by-category,200,no,No redirects found
https://safety.honeywell.com/en-us/products/by-category/electrical-safety/grounding-equipment/2-4-aluminum-c-clamp-smooth-jaw-oval-eye,https://safety.honeywell.com/en-us/products/by-category,200,no,No redirects found
https://safety.honeywell.com/en-us/products/by-category/electrical-safety/grounding-equipment/2-4-aluminum-c-clamp-smooth-jaw,https://safety.honeywell.com/en-us/products/by-category,200,no,No redirects found
https://safety.honeywell.com/en-us/products/by-category/electrical-safety/grounding-equipment/200-amp-ground-elbow-with-connections,https://safety.honeywell.com/en-us/products/by-category,200,no,No redirects found
https://safety.honeywell.com/en-us/products/by-category/electrical-safety/grounding-equipment/477-mcm-bronze-c-clamp-serrated-jaw,https://safety.honeywell.com/en-us/products/by-category,200,no,No redirects found
https://safety.honeywell.com/en-us/products/by-category/electrical-safety/grounding-equipment/477-mcm-bronze-c-clamp-smooth-jaw,https://safety.honeywell.com/en-us/products/by-category,200,no,No redirects found
https://safety.honeywell.com/en-us/products/by-category/electrical-safety/grounding-equipment/tripro-ground-sets,https://safety.honeywell.com/en-us/products/by-category,200,no,No redirects found
https://safety.honeywell.com/en-us/products/by-category/electrical-safety/grounding-equipment/cutout-clamps,https://safety.honeywell.com/en-us/products/by-category,200,no,No redirects found
https://safety.honeywell.com/en-us/products/by-category/electrical-safety/grounding-equipment/1-63-smooth-jaw-aluminum-serrated-jaw-threaded,https://safety.honeywell.com/en-us/products/by-category,200,no,No redirects found
https://safety.honeywell.com/en-us/products/by-category/electrical-safety/grounding-equipment/single-point-distribution-grounding-set,https://safety.honeywell.com/en-us/products/by-category,200,no,No redirects found
https://safety.honeywell.com/en-us/products/by-category/electrical-safety/grounding-equipment/1-bronze-c-clamp-smooth-jaw,https://safety.honeywell.com/en-us/products/by-category,200,no,No redirects found
https://safety.honeywell.com/en-us/products/by-category/electrical-safety/grounding-equipment/strain-relief-sleeves,https://safety.honeywell.com/en-us/products/by-category,200,no,No redirects found
https://safety.honeywell.com/en-us/products/by-category/electrical-safety/grounding-equipment/2-13-aluminum-c-clamp,https://safety.honeywell.com/en-us/products/by-category,200,no,No redirects found
https://safety.honeywell.com/en-us/products/by-category/electrical-safety/grounding-equipment/truck-grounding-kit,https://safety.honeywell.com/en-us/products/by-category,200,no,No redirects found
https://safety.honeywell.com/en-us/products/by-category/electrical-safety/grounding-equipment/c-clamp-with-rocketlock-technology,https://safety.honeywell.com/en-us/products/by-category,200,no,No redirects found
https://safety.honeywell.com/en-us/products/by-category/electrical-safety/grounding-equipment/plain-unshrouded-ferrules,https://safety.honeywell.com/en-us/products/by-category,200,no,No redirects found
https://safety.honeywell.com/en-us/products/by-category/electrical-safety/grounding-equipment/1-66-serrated-jaw-aluminum,https://safety.honeywell.com/en-us/products/by-category,200,no,No redirects found
https://safety.honeywell.com/en-us/products/by-category/electrical-safety/grounding-equipment/1-25-smooth-jaw-aluminum-acme-thread,https://safety.honeywell.com/en-us/products/by-category,200,no,No redirects found
https://safety.honeywell.com/en-us/products/by-category/electrical-safety/grounding-equipment/elbow-connector-tools,https://safety.honeywell.com/en-us/products/by-category,200,no,No redirects found
https://safety.honeywell.com/en-us/products/by-category/electrical-safety/grounding-equipment/grounding-cables-for-safety-line-sets,https://safety.honeywell.com/en-us/products/by-category,200,no,No redirects found
https://safety.honeywell.com/en-us/products/by-category/electrical-safety/grounding-equipment/hanger-stud,https://safety.honeywell.com/en-us/products/by-category,200,no,No redirects found
https://safety.honeywell.com/en-us/products/by-category/electrical-safety/grounding-equipment/4-aluminum-tower-angle-with-copper-parking-stand,https://safety.honeywell.com/en-us/products/by-category,301,no,301::https://safety.honeywell.com/en-us/products/by-category/electrical-safety/grounding-equipment
https://safety.honeywell.com/en-us/products/by-category/electrical-safety/grounding-equipment/aluminum-ferrule,https://safety.honeywell.com/en-us/products/by-category,200,no,No redirects found
https://safety.honeywell.com/en-us/products/by-category/electrical-safety/grounding-equipment/4-aluminum-tower-angle-clamps,https://safety.honeywell.com/en-us/products/by-category,200,no,No redirects found
https://safety.honeywell.com/en-us/products/by-category/electrical-safety/grounding-equipment/3-wire-assembled-ground-cluster-set,https://safety.honeywell.com/en-us/products/by-category,200,no,No redirects found
https://safety.honeywell.com/en-us/products/by-category/electrical-safety/grounding-equipment/0-75-bronze-c-clamp,https://safety.honeywell.com/en-us/products/by-category,200,no,No redirects found
https://safety.honeywell.com/en-us/products/by-category/electrical-safety/grounding-equipment/1-63-smooth-jaw-aluminum-smooth-jaw-threaded,https://safety.honeywell.com/en-us/products/by-category,200,no,No redirects found
https://safety.honeywell.com/en-us/products/by-category/electrical-safety/grounding-equipment/4-wire-assembled-ground-cluster,https://safety.honeywell.com/en-us/products/by-category,200,no,No redirects found
https://safety.honeywell.com/en-us/products/by-category/electrical-safety/grounding-equipment/socket-systems-eye,https://safety.honeywell.com/en-us/products/by-category,301,no,301::https://safety.honeywell.com/en-us/products/by-category/electrical-safety/grounding-equipment
https://safety.honeywell.com/en-us/products/by-category/electrical-safety/insulating-blankets-line-hose-and-covers/lightning-arrester-covers,https://safety.honeywell.com/en-us/products/by-category,200,no,No redirects found
https://safety.honeywell.com/en-us/products/by-category/electrical-safety/hot-sticks-and-tools/connector-tool-heads-and-parallel-groove-clamp,https://safety.honeywell.com/en-us/products/by-category,200,no,No redirects found
https://safety.honeywell.com/en-us/products/by-category/electrical-safety/rubber-gloves-and-sleeves/class-0-electrical-insulating-rubber-gloves,https://safety.honeywell.com/en-us/products/by-category,200,no,No redirects found
https://safety.honeywell.com/en-us/products/by-category/electrical-safety/rubber-gloves-and-sleeves/salpol-gloves,https://safety.honeywell.com/en-us/products/by-category,200,no,No redirects found
https://safety.honeywell.com/en-us/products/by-category/electrical-safety/hot-sticks-and-tools/tubular-pvc-storage-containers,https://safety.honeywell.com/en-us/products/by-category,200,no,No redirects found
https://safety.honeywell.com/en-us/products/by-category/electrical-safety/rubber-gloves-and-sleeves/linemens-glove-liners-89-series,https://safety.honeywell.com/en-us/products/by-category,301,no,301::https://safety.honeywell.com/en-us/products/by-category/hand-protection/gloves
https://safety.honeywell.com/en-us/products/by-category/electrical-safety/hot-sticks-and-tools/wire-clamp-stick,https://safety.honeywell.com/en-us/products/by-category,200,no,No redirects found
https://safety.honeywell.com/en-us/products/by-category/electrical-safety/rubber-gloves-and-sleeves/ilp-series,https://safety.honeywell.com/en-us/products/by-category,200,no,No redirects found
https://safety.honeywell.com/en-us/products/by-category/electrical-safety/hot-sticks-and-tools/ferrules-and-rivets,https://safety.honeywell.com/en-us/products/by-category,200,no,No redirects found
https://safety.honeywell.com/en-us/products/by-category/electrical-safety/rubber-gloves-and-sleeves/156-premium-series-6-inch,https://safety.honeywell.com/en-us/products/by-category,301,no,301::https://safety.honeywell.com/en-us/products/by-category/hand-protection/gloves
https://safety.honeywell.com/en-us/products/by-category/electrical-safety/insulating-blankets-line-hose-and-covers/su-system-straight-line-hose,https://safety.honeywell.com/en-us/products/by-category,200,no,No redirects found
https://safety.honeywell.com/en-us/products/by-category/electrical-safety/rubber-gloves-and-sleeves/electriflex-gloves,https://safety.honeywell.com/en-us/products/by-category,200,no,No redirects found
https://safety.honeywell.com/en-us/products/by-category/electrical-safety/insulating-blankets-line-hose-and-covers/su-system-dead-end-protectors,https://safety.honeywell.com/en-us/products/by-category,200,no,No redirects found
https://safety.honeywell.com/en-us/products/by-category/electrical-safety/rubber-gloves-and-sleeves/linemans-mittens,https://safety.honeywell.com/en-us/products/by-category,200,no,No redirects found
https://safety.honeywell.com/en-us/products/by-category/electrical-safety/rubber-gloves-and-sleeves/rubber-insulating-dipped-sleeves-with-rfid,https://safety.honeywell.com/en-us/products/by-category,200,no,No redirects found
https://safety.honeywell.com/en-us/products/by-category/electrical-safety/insulating-blankets-line-hose-and-covers/salcor-connector-end-line-hose,https://safety.honeywell.com/en-us/products/by-category,200,no,No redirects found
https://safety.honeywell.com/en-us/products/by-category/electrical-safety/rubber-gloves-and-sleeves/portable-glove-inflator-kit,https://safety.honeywell.com/en-us/products/by-category,200,no,No redirects found
https://safety.honeywell.com/en-us/products/by-category/electrical-safety/rubber-gloves-and-sleeves/class-00-electrical-insulating-rubber-gloves-11-inch,https://safety.honeywell.com/en-us/products/by-category,301,no,301::https://safety.honeywell.com/en-us/products/by-category/hand-protection/gloves
https://safety.honeywell.com/en-us/products/by-category/electrical-safety/insulating-blankets-line-hose-and-covers,https://safety.honeywell.com/en-us/products/by-category,200,no,No redirects found
https://safety.honeywell.com/en-us/products/by-category/electrical-safety/insulating-blankets-line-hose-and-covers/roll-blankets,https://safety.honeywell.com/en-us/products/by-category,200,no,No redirects found
https://safety.honeywell.com/en-us/products/by-category/electrical-safety/rubber-gloves-and-sleeves/molded-linemens-sleeves-type-i,https://safety.honeywell.com/en-us/products/by-category,301,no,301::https://safety.honeywell.com/en-us/products/by-category/hand-protection/gloves
https://safety.honeywell.com/en-us/products/by-category/electrical-safety/insulating-blankets-line-hose-and-covers/su-system-pin-type-insulator-covers,https://safety.honeywell.com/en-us/products/by-category,200,no,No redirects found
https://safety.honeywell.com/en-us/products/by-category/electrical-safety/insulating-blankets-line-hose-and-covers/fasteners-ty-straps,https://safety.honeywell.com/en-us/products/by-category,301,no,301::https://safety.honeywell.com/en-us/products/by-category/electrical-safety/insulating-blankets-line-hose-and-covers
https://safety.honeywell.com/en-us/products/by-category/electrical-safety/rubber-gloves-and-sleeves/ilpm-series-mitten-protector,https://safety.honeywell.com/en-us/products/by-category,200,no,No redirects found
https://safety.honeywell.com/en-us/products/by-category/electrical-safety/insulating-blankets-line-hose-and-covers/replacement-straps,https://safety.honeywell.com/en-us/products/by-category,200,no,No redirects found
https://safety.honeywell.com/en-us/products/by-category/electrical-safety/insulating-blankets-line-hose-and-covers/zip-on-style,https://safety.honeywell.com/en-us/products/by-category,200,no,No redirects found
https://safety.honeywell.com/en-us/products/by-category/electrical-safety/insulating-blankets-line-hose-and-covers/su-system-connector-end-line-hose,https://safety.honeywell.com/en-us/products/by-category,200,no,No redirects found
https://safety.honeywell.com/en-us/products/by-category/electrical-safety/insulating-blankets-line-hose-and-covers/su-system-post-type-insulator-covers,https://safety.honeywell.com/en-us/products/by-category,200,no,No redirects found
https://safety.honeywell.com/en-us/products/by-category/electrical-safety/insulating-blankets-line-hose-and-covers/eyelet-style,https://safety.honeywell.com/en-us/products/by-category,200,no,No redirects found
https://safety.honeywell.com/en-us/products/by-category/electrical-safety/insulating-blankets-line-hose-and-covers/insulating-aprons,https://safety.honeywell.com/en-us/products/by-category,200,no,No redirects found
https://safety.honeywell.com/en-us/products/by-category/electrical-safety/insulating-blankets-line-hose-and-covers/switchboard-matting,https://safety.honeywell.com/en-us/products/by-category,200,no,No redirects found
https://safety.honeywell.com/en-us/products/by-category/electrical-safety/insulating-blankets-line-hose-and-covers/vinyl-roll-up-ground-barrier,https://safety.honeywell.com/en-us/products/by-category,301,no,301::https://safety.honeywell.com/en-us/products/by-category/electrical-safety/insulating-blankets-line-hose-and-covers
https://safety.honeywell.com/en-us/products/by-category/electrical-safety/insulating-blankets-line-hose-and-covers/storage-blanket-roll-ups,https://safety.honeywell.com/en-us/products/by-category,301,no,301::https://safety.honeywell.com/en-us/products/by-category/electrical-safety/insulating-blankets-line-hose-and-covers
https://safety.honeywell.com/en-us/products/by-category/electrical-safety/insulating-blankets-line-hose-and-covers/self-securing-cable-end-caps,https://safety.honeywell.com/en-us/products/by-category,200,no,No redirects found
https://safety.honeywell.com/en-us/products/by-category/electrical-safety/insulating-blankets-line-hose-and-covers/low-voltage-plain-style,https://safety.honeywell.com/en-us/products/by-category,301,no,301::https://safety.honeywell.com/en-us/products/by-category/electrical-safety/insulating-blankets-line-hose-and-covers
https://safety.honeywell.com/en-us/products/by-category/electrical-safety/insulating-blankets-line-hose-and-covers/fasteners-magnetic-blanket-buttons,https://safety.honeywell.com/en-us/products/by-category,301,no,301::https://safety.honeywell.com/en-us/products/by-category/electrical-safety/insulating-blankets-line-hose-and-covers
https://safety.honeywell.com/en-us/products/by-category/electrical-safety/rubber-gloves-and-sleeves/26-oz-canvas-glove-bags,https://safety.honeywell.com/en-us/products/by-category,200,no,No redirects found
https://safety.honeywell.com/en-us/products/by-category/electrical-safety/insulating-blankets-line-hose-and-covers/storage-blanket-canister,https://safety.honeywell.com/en-us/products/by-category,301,no,301::https://safety.honeywell.com/en-us/products/by-category/electrical-safety/insulating-blankets-line-hose-and-covers
https://safety.honeywell.com/en-us/products/by-category/electrical-safety/insulating-blankets-line-hose-and-covers/spade-cover,https://safety.honeywell.com/en-us/products/by-category,200,no,No redirects found
https://safety.honeywell.com/en-us/products/by-category/electrical-safety/rubber-gloves-and-sleeves/rub-out-towelettes,https://safety.honeywell.com/en-us/products/by-category,200,no,No redirects found
https://safety.honeywell.com/en-us/products/by-category/electrical-safety/insulating-blankets-line-hose-and-covers/su-system-connectors,https://safety.honeywell.com/en-us/products/by-category,200,no,No redirects found
https://safety.honeywell.com/en-us/products/by-category/electrical-safety/insulating-blankets-line-hose-and-covers/clear-pvc-stress-cone-cover,https://safety.honeywell.com/en-us/products/by-category,200,no,No redirects found
https://safety.honeywell.com/en-us/products/by-category/electrical-safety/rubber-gloves-and-sleeves/sleeve-straps,https://safety.honeywell.com/en-us/products/by-category,200,no,No redirects found
https://safety.honeywell.com/en-us/products/by-category/electrical-safety/insulating-blankets-line-hose-and-covers/clear-cable-covers,https://safety.honeywell.com/en-us/products/by-category,200,no,No redirects found
https://safety.honeywell.com/en-us/products/by-category/electrical-safety/insulating-blankets-line-hose-and-covers/cutout-covers,https://safety.honeywell.com/en-us/products/by-category,200,no,No redirects found
https://safety.honeywell.com/en-us/products/by-category/electrical-safety/rubber-gloves-and-sleeves/14-75-oz-canvas-glove-and-protector-bags,https://safety.honeywell.com/en-us/products/by-category,200,no,No redirects found
https://safety.honeywell.com/en-us/products/by-category/electrical-safety/insulating-blankets-line-hose-and-covers/slotted-style-zip-on-style,https://safety.honeywell.com/en-us/products/by-category,301,no,301::https://safety.honeywell.com/en-us/products/by-category/electrical-safety/insulating-blankets-line-hose-and-covers
https://safety.honeywell.com/en-us/products/by-category/electrical-safety/insulating-blankets-line-hose-and-covers/arc-suppression-blanket,https://safety.honeywell.com/en-us/products/by-category,200,no,No redirects found
https://safety.honeywell.com/en-us/products/by-category/electrical-safety/rubber-gloves-and-sleeves/glove-kits,https://safety.honeywell.com/en-us/products/by-category,200,no,No redirects found
https://safety.honeywell.com/en-us/products/by-category/electrical-safety/insulating-blankets-line-hose-and-covers/dead-end-protectors,https://safety.honeywell.com/en-us/products/by-category,200,no,No redirects found
https://safety.honeywell.com/en-us/products/by-category/electrical-safety/insulators,https://safety.honeywell.com/en-us/products/by-category,200,no,No redirects found
https://safety.honeywell.com/en-us/products/by-category/electrical-safety/rubber-gloves-and-sleeves/lp-series,https://safety.honeywell.com/en-us/products/by-category,200,no,No redirects found
https://safety.honeywell.com/en-us/products/by-category/electrical-safety/insulating-blankets-line-hose-and-covers/insulator-covers,https://safety.honeywell.com/en-us/products/by-category,200,no,No redirects found
https://safety.honeywell.com/en-us/products/by-category/electrical-safety/insulators/silicone-insulator,https://safety.honeywell.com/en-us/products/by-category,200,no,No redirects found
https://safety.honeywell.com/en-us/products/by-category/electrical-safety/rubber-gloves-and-sleeves/canvas-sleeve-bag,https://safety.honeywell.com/en-us/products/by-category,200,no,No redirects found
https://safety.honeywell.com/en-us/products/by-category/electrical-safety/insulating-blankets-line-hose-and-covers/low-voltage-zip-on-style,https://safety.honeywell.com/en-us/products/by-category,301,no,301::https://safety.honeywell.com/en-us/products/by-category/electrical-safety/insulating-blankets-line-hose-and-covers
https://safety.honeywell.com/en-us/products/by-category/electrical-safety/insulators/si-series-of-silicone-insulators,https://safety.honeywell.com/en-us/products/by-category,200,no,No redirects found
https://safety.honeywell.com/en-us/products/by-category/electrical-safety/rubber-gloves-and-sleeves/linemens-glove-liners-l-series,https://safety.honeywell.com/en-us/products/by-category,301,no,301::https://safety.honeywell.com/en-us/products/by-category/hand-protection/gloves
https://safety.honeywell.com/en-us/products/by-category/electrical-safety/insulating-blankets-line-hose-and-covers/clamp-pins,https://safety.honeywell.com/en-us/products/by-category,200,no,No redirects found
https://safety.honeywell.com/en-us/products/by-category/electrical-safety/hot-sticks-and-tools,https://safety.honeywell.com/en-us/products/by-category,200,no,No redirects found
https://safety.honeywell.com/en-us/products/by-category/electrical-safety/rubber-gloves-and-sleeves/harness,https://safety.honeywell.com/en-us/products/by-category,200,no,No redirects found
https://safety.honeywell.com/en-us/products/by-category/electrical-safety/insulating-blankets-line-hose-and-covers/meter-terminal-cover,https://safety.honeywell.com/en-us/products/by-category,200,no,No redirects found
https://safety.honeywell.com/en-us/products/by-category/electrical-safety/hot-sticks-and-tools/caps,https://safety.honeywell.com/en-us/products/by-category,200,no,No redirects found
https://safety.honeywell.com/en-us/products/by-category/electrical-safety/rubber-gloves-and-sleeves/salcon-silicone-spray,https://safety.honeywell.com/en-us/products/by-category,200,no,No redirects found
https://safety.honeywell.com/en-us/products/by-category/electrical-safety/insulating-blankets-line-hose-and-covers/salcor-straight-line-hose,https://safety.honeywell.com/en-us/products/by-category,200,no,No redirects found
https://safety.honeywell.com/en-us/products/by-category/electrical-safety/hot-sticks-and-tools/cable-handler,https://safety.honeywell.com/en-us/products/by-category,200,no,No redirects found
https://safety.honeywell.com/en-us/products/by-category/electrical-safety/rubber-gloves-and-sleeves/class-00-electrical-insulating-rubber-gloves-14-inch,https://safety.honeywell.com/en-us/products/by-category,301,no,301::https://safety.honeywell.com/en-us/products/by-category/hand-protection/gloves
https://safety.honeywell.com/en-us/products/by-category/electrical-safety/insulating-blankets-line-hose-and-covers/td-tagging-device,https://safety.honeywell.com/en-us/products/by-category,200,no,No redirects found
https://safety.honeywell.com/en-us/products/by-category/electrical-safety/hot-sticks-and-tools/salcor-tool-holders,https://safety.honeywell.com/en-us/products/by-category,200,no,No redirects found
https://safety.honeywell.com/en-us/products/by-category/electrical-safety/grounding-equipment/2-5-aluminum-tower-angle-clamps,https://safety.honeywell.com/en-us/products/by-category,200,no,No redirects found
https://safety.honeywell.com/en-us/products/by-category/electrical-safety/insulating-blankets-line-hose-and-covers/without-eyelets,https://safety.honeywell.com/en-us/products/by-category,200,no,No redirects found
https://safety.honeywell.com/en-us/products/by-category/electrical-safety/hot-sticks-and-tools/transformer-gin-assembly-and-tool-frame,https://safety.honeywell.com/en-us/products/by-category,200,no,No redirects found
https://safety.honeywell.com/en-us/products/by-category/electrical-safety/insulating-blankets-line-hose-and-covers/line-hose-connectors,https://safety.honeywell.com/en-us/products/by-category,200,no,No redirects found
https://safety.honeywell.com/en-us/products/by-category/electrical-safety/hot-sticks-and-tools/cutters,https://safety.honeywell.com/en-us/products/by-category,200,no,No redirects found
https://safety.honeywell.com/en-us/products/by-category/electrical-safety/rubber-gloves-and-sleeves/super-salco-cleaner,https://safety.honeywell.com/en-us/products/by-category,200,no,No redirects found
https://safety.honeywell.com/en-us/products/by-category/electrical-safety/insulating-blankets-line-hose-and-covers/su-system-applicators,https://safety.honeywell.com/en-us/products/by-category,200,no,No redirects found
https://safety.honeywell.com/en-us/products/by-category/electrical-safety/hot-sticks-and-tools/cross-arm-gin-and-transformer-gin-assemblies,https://safety.honeywell.com/en-us/products/by-category,200,no,No redirects found
https://safety.honeywell.com/en-us/products/by-category/electrical-safety/rubber-gloves-and-sleeves,https://safety.honeywell.com/en-us/products/by-category,200,no,No redirects found
https://safety.honeywell.com/en-us/products/by-category/electrical-safety/insulating-blankets-line-hose-and-covers/slotted-style,https://safety.honeywell.com/en-us/products/by-category,200,no,No redirects found
https://safety.honeywell.com/en-us/products/by-category/electrical-safety/hot-sticks-and-tools/insulating-link-sticks,https://safety.honeywell.com/en-us/products/by-category,200,no,No redirects found
https://safety.honeywell.com/en-us/products/by-category/electrical-safety/rubber-gloves-and-sleeves/156-premium-series-4-inch,https://safety.honeywell.com/en-us/products/by-category,301,no,301::https://safety.honeywell.com/en-us/products/by-category/hand-protection/gloves
https://safety.honeywell.com/en-us/products/by-category/electrical-safety/insulating-blankets-line-hose-and-covers/su-system-stirrup-cover,https://safety.honeywell.com/en-us/products/by-category,200,no,No redirects found
https://safety.honeywell.com/en-us/products/by-category/electrical-safety/hot-sticks-and-tools/tool-heads-3,https://safety.honeywell.com/en-us/products/by-category,200,no,No redirects found
https://safety.honeywell.com/en-us/products/by-category/electrical-safety/insulating-blankets-line-hose-and-covers/fasteners-blanket-buttons,https://safety.honeywell.com/en-us/products/by-category,301,no,301::https://safety.honeywell.com/en-us/products/by-category/electrical-safety/insulating-blankets-line-hose-and-covers
